Name	Previous	Step	Time
Before Grapher	Start	0.2768241	0.2768241
Imports	Before Grapher	0.7521761	1.0290002
End	Imports	0.0027855999999999437	1.0317858
