Name	Previous	Step	Time
Before Grapher	Start	0.8933285	0.8933285
Imports	Before Grapher	1.4071014000000002	2.3004299
End	Imports	0.0019120999999997501	2.302342
