Name	Previous	Step	Time
Before Grapher	Start	0.2773618	0.2773618
Imports	Before Grapher	0.7469705	1.0243323
End	Imports	0.0019200999999999802	1.0262524
