Name	Previous	Step	Time
Before Grapher	Start	1.0283499	1.0283499
Imports	Before Grapher	0.8007271999999999	1.8290771
End	Imports	24.568835	26.3979121
